{"cameraMode":{"drawMode":0,"name":"Shaded","section":"Shading Mode"},"sceneLighting":true,"audioPlay":false,"sceneViewState":{"showFog":true,"showMaterialUpdate":false,"showSkybox":true,"showFlares":true,"showImageEffects":true,"showParticleSystems":true},"in2DMode":false,"pivot":{"x":0.5426256060600281,"y":3.5303640365600588,"z":7.680397033691406},"rotation":{"x":-0.21752257645130158,"y":0.29634788632392886,"z":0.0695171058177948,"w":0.9273905754089356},"size":9.082134246826172,"orthographic":false}